Incident ID,Created Date,Resolved Date,Priority,Status,Category,Subcategory,Assignee,Assignment Group,Source,Affected System,Description,Resolution Notes
INC000001,2024-10-24 02:49:54.772006,2024-10-25 06:09:59.994808,P4,Closed,User Access,Permission,Robert Johnson,Help Desk,Monitoring System,VPN Service,Permission failure in User Access system,Known issue with workaround applied
INC000002,2024-10-24 16:27:54.772006,2024-10-26 00:47:11.620904,P3,Closed,Server,Linux,Jane Doe,Server Team,Email,File Server,User experiencing Linux issues with Server,Restarted Server service to resolve Linux issue
INC000003,2024-10-25 06:21:54.772006,2024-10-25 12:53:45.826184,P3,Resolved,Hardware,Desktop,John Smith,Help Desk,Chat,Database Server,Hardware Desktop not functioning as expected,User error resolved with additional training
INC000004,2024-10-25 13:10:54.772006,2024-10-26 00:34:01.152762,P2,Closed,Database,Performance,David Miller,Database Team,Phone,Database Server,Database Performance not functioning as expected,Fixed Performance configuration in Database
INC000005,2024-10-26 16:25:54.772006,2024-10-27 10:46:27.926788,P3,Resolved,Hardware,Peripheral,Robert Johnson,Help Desk,Email,Email Server,User experiencing Peripheral issues with Hardware,Known issue with workaround applied
INC000006,2024-10-26 20:00:54.772006,2024-10-27 12:29:10.496266,P3,Resolved,User Access,Permission,Lisa Wong,Help Desk,Email,Active Directory,User Access Permission not functioning as expected,Applied patch to fix Permission vulnerability
INC000007,2024-10-27 13:21:54.772006,,P3,Pending,Application,Integration,Jane Doe,Application Support,Phone,CRM System,Integration failure in Application system,
INC000008,2024-10-27 22:53:54.772006,2024-10-28 10:44:47.897120,P3,Closed,Application,Configuration,Unassigned,Application Support,Chat,ERP System,Application issue: Configuration problem reported by user,Known issue with workaround applied
INC000009,2024-10-31 06:23:54.772006,2024-10-31 14:52:40.092067,P4,Closed,Hardware,Desktop,John Smith,Help Desk,Phone,File Server,Hardware issue: Desktop problem reported by user,Fixed Desktop configuration in Hardware
INC000010,2024-11-01 07:26:54.772006,2024-11-01 09:58:36.469739,P1,Closed,Network,Connectivity,Jane Doe,Network Team,Email,VPN Service,User experiencing Connectivity issues with Network,Applied patch to fix Connectivity vulnerability
INC000011,2024-11-02 12:22:54.772006,2024-11-02 13:42:04.074089,P3,Resolved,Network,VPN,Maria Garcia,Network Team,Phone,VPN Service,Network issue: VPN problem reported by user,User error resolved with additional training
INC000012,2024-11-05 01:36:54.772006,2024-11-08 06:00:31.352730,P1,Closed,Database,Backup,Robert Johnson,Database Team,Web Portal,Database Server,User experiencing Backup issues with Database,Restarted Database service to resolve Backup issue
INC000013,2024-11-05 20:29:54.772006,2024-11-07 17:34:35.863852,P2,Closed,User Access,Permission,Jane Doe,Help Desk,Web Portal,Network Infrastructure,User experiencing Permission issues with User Access,Applied patch to fix Permission vulnerability
INC000014,2024-11-06 01:12:54.772006,2024-11-06 11:44:08.901604,P2,Closed,Application,Configuration,John Smith,Application Support,Phone,CRM System,Application Configuration not functioning as expected,Fixed Configuration configuration in Application
INC000015,2024-11-06 08:04:54.772006,2024-11-09 11:29:17.979591,P3,Closed,Hardware,Mobile,Jane Doe,Help Desk,Email,Email Server,Hardware issue: Mobile problem reported by user,Fixed Mobile configuration in Hardware
INC000016,2024-11-07 09:37:54.772006,2024-11-08 12:44:14.140510,P2,Closed,Security,Malware,John Smith,Security Team,Web Portal,Active Directory,Malware failure in Security system,User error resolved with additional training
INC000017,2024-11-07 21:49:54.772006,2024-11-08 13:38:33.902888,P3,Closed,Server,Windows,Robert Johnson,Server Team,Chat,Email Server,Server issue: Windows problem reported by user,User error resolved with additional training
INC000018,2024-11-10 10:29:54.772006,2024-11-11 02:48:05.849959,P2,Resolved,Network,Connectivity,Lisa Wong,Network Team,Web Portal,VPN Service,Network issue: Connectivity problem reported by user,Known issue with workaround applied
INC000019,2024-11-11 10:33:54.772006,,P3,Pending,Hardware,Desktop,David Miller,Help Desk,Phone,Web Application,Desktop failure in Hardware system,
INC000020,2024-11-11 13:31:54.772006,2024-11-11 15:37:07.943967,P4,Resolved,Database,Corruption,Maria Garcia,Database Team,Web Portal,Database Server,Corruption failure in Database system,User error resolved with additional training
INC000021,2024-11-11 17:19:54.772006,,P3,Pending,Hardware,Desktop,Jane Doe,Help Desk,Chat,Email Server,User experiencing Desktop issues with Hardware,
INC000022,2024-11-12 23:51:54.772006,2024-11-13 02:10:25.166758,P3,Closed,Database,Query,John Smith,Database Team,Monitoring System,Database Server,User experiencing Query issues with Database,Restarted Database service to resolve Query issue
INC000023,2024-11-14 15:13:54.772006,2024-11-15 13:22:11.146501,P2,Closed,Network,Router,David Miller,Network Team,Web Portal,VPN Service,Router failure in Network system,Fixed Router configuration in Network
INC000024,2024-11-14 23:02:54.772006,2024-11-15 18:24:39.764512,P3,Closed,User Access,Termination,Jane Doe,Help Desk,Phone,Database Server,User Access issue: Termination problem reported by user,Applied patch to fix Termination vulnerability
INC000025,2024-11-17 11:42:54.772006,,P1,In Progress,Database,Performance,Unassigned,Database Team,Chat,Database Server,Database issue: Performance problem reported by user,
INC000026,2024-11-18 12:03:54.772006,2024-11-18 17:48:20.039840,P3,Closed,Network,Connectivity,Robert Johnson,Network Team,Email,VPN Service,Network issue: Connectivity problem reported by user,Applied patch to fix Connectivity vulnerability
INC000027,2024-11-18 22:05:54.772006,2024-11-21 20:14:08.437143,P4,Closed,Security,Malware,Robert Johnson,Security Team,Phone,VPN Service,Security Malware not functioning as expected,User error resolved with additional training
INC000028,2024-11-20 10:49:54.772006,2024-11-21 23:18:45.907665,P3,Closed,Database,Backup,David Miller,Database Team,Web Portal,Database Server,Backup failure in Database system,Fixed Backup configuration in Database
INC000029,2024-11-23 00:43:54.772006,,P4,In Progress,Network,Switch,David Miller,Network Team,Web Portal,Network Infrastructure,User experiencing Switch issues with Network,
INC000030,2024-11-23 08:43:54.772006,2024-11-23 11:37:20.288979,P3,Closed,Application,Performance,Jane Doe,Application Support,Web Portal,Web Application,User experiencing Performance issues with Application,User error resolved with additional training
INC000031,2024-11-24 02:16:54.772006,,P2,Pending,Security,Malware,Unassigned,Security Team,Email,VPN Service,Security issue: Malware problem reported by user,
INC000032,2024-11-25 08:09:54.772006,2024-11-28 00:18:29.299677,P4,Closed,Network,Connectivity,Robert Johnson,Network Team,Web Portal,Network Infrastructure,Connectivity failure in Network system,Restarted Network service to resolve Connectivity issue
INC000033,2024-11-25 10:56:54.772006,2024-11-29 02:46:14.065561,P2,Closed,Hardware,Printer,David Miller,Help Desk,Monitoring System,CRM System,Printer failure in Hardware system,Applied patch to fix Printer vulnerability
INC000034,2024-11-25 23:38:54.772006,,P2,Open,Hardware,Printer,John Smith,Help Desk,Web Portal,Database Server,Hardware Printer not functioning as expected,
INC000035,2024-11-26 08:38:54.772006,2024-12-01 20:45:16.443423,P4,Closed,User Access,New Account,Robert Johnson,Help Desk,Chat,CRM System,User experiencing New Account issues with User Access,User error resolved with additional training
INC000036,2024-11-26 22:53:54.772006,2024-11-27 00:16:42.135537,P3,Resolved,User Access,Permission,David Miller,Help Desk,Chat,Active Directory,User Access Permission not functioning as expected,Known issue with workaround applied
INC000037,2024-11-27 04:10:54.772006,,P3,Open,Security,Policy,Robert Johnson,Security Team,Monitoring System,VPN Service,Security Policy not functioning as expected,
INC000038,2024-11-27 22:10:54.772006,2024-11-29 06:14:22.401534,P2,Closed,Database,Performance,Jane Doe,Database Team,Phone,Database Server,Performance failure in Database system,Applied patch to fix Performance vulnerability
INC000039,2024-11-28 08:30:54.772006,,P3,In Progress,Hardware,Printer,Maria Garcia,Help Desk,Email,ERP System,Hardware Printer not functioning as expected,
INC000040,2024-11-28 09:50:54.772006,2024-11-29 04:47:45.202043,P4,Resolved,Network,Router,David Miller,Network Team,Chat,VPN Service,Router failure in Network system,User error resolved with additional training
INC000041,2024-11-28 16:06:54.772006,2024-11-29 21:28:54.027294,P1,Closed,User Access,Password Reset,Robert Johnson,Help Desk,Email,Active Directory,User Access issue: Password Reset problem reported by user,User error resolved with additional training
INC000042,2024-11-29 13:54:54.772006,2024-12-03 01:01:03.673156,P4,Resolved,Hardware,Printer,Maria Garcia,Help Desk,Email,Web Application,Printer failure in Hardware system,Fixed Printer configuration in Hardware
INC000043,2024-12-01 06:37:54.772006,2024-12-02 10:35:17.663593,P4,Closed,Network,VPN,Jane Doe,Network Team,Email,VPN Service,Network VPN not functioning as expected,Known issue with workaround applied
INC000044,2024-12-01 16:30:54.772006,2024-12-03 12:02:45.664012,P2,Closed,Security,Malware,Robert Johnson,Security Team,Phone,Active Directory,Security issue: Malware problem reported by user,Applied patch to fix Malware vulnerability
INC000045,2024-12-02 12:28:54.772006,2024-12-04 12:52:33.413314,P3,Closed,User Access,Password Reset,Robert Johnson,Help Desk,Email,Email Server,Password Reset failure in User Access system,Restarted User Access service to resolve Password Reset issue
INC000046,2024-12-03 21:50:54.772006,2024-12-05 17:36:13.293308,P3,Closed,User Access,Termination,Robert Johnson,Help Desk,Phone,Network Infrastructure,User experiencing Termination issues with User Access,Known issue with workaround applied
INC000047,2024-12-04 11:31:54.772006,2024-12-05 00:51:31.418432,P4,Resolved,Database,Performance,John Smith,Database Team,Monitoring System,Database Server,Database issue: Performance problem reported by user,Fixed Performance configuration in Database
INC000048,2024-12-06 06:27:54.772006,2024-12-06 12:30:27.693614,P2,Resolved,Hardware,Mobile,David Miller,Help Desk,Web Portal,VPN Service,Mobile failure in Hardware system,Known issue with workaround applied
INC000049,2024-12-06 12:12:54.772006,2024-12-07 00:20:29.277008,P3,Closed,Application,Integration,Robert Johnson,Application Support,Email,ERP System,Integration failure in Application system,Known issue with workaround applied
INC000050,2024-12-07 06:52:54.772006,2024-12-09 12:16:26.256445,P3,Closed,Hardware,Printer,Jane Doe,Help Desk,Web Portal,Network Infrastructure,Printer failure in Hardware system,Restarted Hardware service to resolve Printer issue
INC000051,2024-12-11 16:42:54.772006,2024-12-11 20:31:11.985036,P4,Resolved,User Access,Termination,Jane Doe,Help Desk,Phone,Email Server,User Access issue: Termination problem reported by user,Known issue with workaround applied
INC000052,2024-12-11 20:05:54.772006,2024-12-12 13:22:56.693741,P4,Closed,Database,Query,John Smith,Database Team,Email,Database Server,Query failure in Database system,User error resolved with additional training
INC000053,2024-12-12 07:29:54.772006,2024-12-12 13:52:19.663893,P3,Closed,User Access,Permission,Unassigned,Help Desk,Chat,File Server,User Access Permission not functioning as expected,Applied patch to fix Permission vulnerability
INC000054,2024-12-12 08:19:54.772006,,P4,Pending,Application,Configuration,Robert Johnson,Application Support,Web Portal,ERP System,Application issue: Configuration problem reported by user,
INC000055,2024-12-12 13:51:54.772006,2024-12-13 10:45:35.782229,P3,Closed,Database,Corruption,Jane Doe,Database Team,Phone,Database Server,Database issue: Corruption problem reported by user,Known issue with workaround applied
INC000056,2024-12-12 18:54:54.772006,2024-12-14 18:38:45.880166,P2,Resolved,User Access,New Account,Lisa Wong,Help Desk,Phone,ERP System,New Account failure in User Access system,Known issue with workaround applied
INC000057,2024-12-12 22:00:54.772006,2024-12-15 00:58:25.108465,P3,Resolved,Network,Switch,Unassigned,Network Team,Monitoring System,Network Infrastructure,Network Switch not functioning as expected,Applied patch to fix Switch vulnerability
INC000058,2024-12-13 11:45:54.772006,2024-12-13 18:14:50.093766,P2,Closed,Database,Query,Lisa Wong,Database Team,Phone,Database Server,Database issue: Query problem reported by user,Fixed Query configuration in Database
INC000059,2024-12-13 21:47:54.772006,2024-12-16 06:58:55.123136,P3,Closed,Hardware,Mobile,Maria Garcia,Help Desk,Email,VPN Service,Hardware Mobile not functioning as expected,Fixed Mobile configuration in Hardware
INC000060,2024-12-13 22:05:54.772006,2024-12-14 19:36:27.786263,P3,Closed,Server,VMware,John Smith,Server Team,Web Portal,File Server,Server issue: VMware problem reported by user,Fixed VMware configuration in Server
INC000061,2024-12-14 13:01:54.772006,,P4,In Progress,Hardware,Mobile,Jane Doe,Help Desk,Chat,VPN Service,User experiencing Mobile issues with Hardware,
INC000062,2024-12-14 19:25:54.772006,2024-12-15 05:46:43.430851,P3,Closed,Application,Performance,Jane Doe,Application Support,Chat,CRM System,User experiencing Performance issues with Application,Known issue with workaround applied
INC000063,2024-12-15 03:47:54.772006,2024-12-16 09:21:26.930271,P2,Resolved,Network,Firewall,John Smith,Network Team,Web Portal,Network Infrastructure,Network Firewall not functioning as expected,Known issue with workaround applied
INC000064,2024-12-15 09:54:54.772006,2024-12-16 01:41:11.440161,P3,Closed,Server,Hardware,John Smith,Server Team,Chat,File Server,Server issue: Hardware problem reported by user,Fixed Hardware configuration in Server
INC000065,2024-12-15 18:13:54.772006,,P1,In Progress,Database,Performance,Lisa Wong,Database Team,Web Portal,Database Server,User experiencing Performance issues with Database,
INC000066,2024-12-18 11:08:54.772006,2024-12-18 22:32:37.080299,P1,Closed,Network,VPN,Robert Johnson,Network Team,Web Portal,VPN Service,Network issue: VPN problem reported by user,User error resolved with additional training
INC000067,2024-12-19 08:05:54.772006,2024-12-20 13:24:14.869586,P3,Closed,Database,Query,Maria Garcia,Database Team,Chat,Database Server,Query failure in Database system,Applied patch to fix Query vulnerability
INC000068,2024-12-19 08:10:54.772006,2024-12-19 15:02:43.650528,P4,Resolved,Network,Firewall,John Smith,Network Team,Web Portal,VPN Service,Network Firewall not functioning as expected,User error resolved with additional training
INC000069,2024-12-19 08:47:54.772006,2024-12-19 18:25:08.604835,P1,Closed,Security,Policy,John Smith,Security Team,Email,Active Directory,User experiencing Policy issues with Security,Fixed Policy configuration in Security
INC000070,2024-12-19 19:49:54.772006,2024-12-20 09:30:39.301440,P3,Closed,Network,Connectivity,Unassigned,Network Team,Web Portal,Network Infrastructure,Network issue: Connectivity problem reported by user,Applied patch to fix Connectivity vulnerability
INC000071,2024-12-21 02:23:54.772006,2024-12-21 09:25:15.734202,P1,Closed,Server,Performance,Lisa Wong,Server Team,Chat,Email Server,Server Performance not functioning as expected,User error resolved with additional training
INC000072,2024-12-22 01:40:54.772006,,P2,Open,Database,Backup,Jane Doe,Database Team,Email,Database Server,Backup failure in Database system,
INC000073,2024-12-24 04:49:54.772006,,P4,In Progress,User Access,New Account,Robert Johnson,Help Desk,Chat,Active Directory,New Account failure in User Access system,
INC000074,2024-12-24 12:58:54.772006,2024-12-25 01:27:02.472694,P3,Closed,Network,Switch,Robert Johnson,Network Team,Email,VPN Service,User experiencing Switch issues with Network,Fixed Switch configuration in Network
INC000075,2024-12-25 16:30:54.772006,2024-12-26 12:51:10.269490,P4,Closed,Security,Malware,Jane Doe,Security Team,Phone,VPN Service,Malware failure in Security system,Restarted Security service to resolve Malware issue
INC000076,2024-12-28 03:46:54.772006,2024-12-29 12:12:06.164261,P2,Closed,User Access,Password Reset,Jane Doe,Help Desk,Chat,VPN Service,Password Reset failure in User Access system,Known issue with workaround applied
INC000077,2024-12-29 08:32:54.772006,,P3,Pending,Server,Hardware,Jane Doe,Server Team,Email,Email Server,Hardware failure in Server system,
INC000078,2024-12-29 22:25:54.772006,2024-12-31 09:24:47.390495,P4,Closed,Hardware,Printer,Robert Johnson,Help Desk,Phone,Active Directory,Hardware Printer not functioning as expected,User error resolved with additional training
INC000079,2024-12-30 01:10:54.772006,2024-12-31 18:42:43.215063,P3,Closed,User Access,Permission,David Miller,Help Desk,Email,ERP System,User Access Permission not functioning as expected,Fixed Permission configuration in User Access
INC000080,2024-12-30 07:50:54.772006,2024-12-31 16:34:12.960672,P3,Resolved,Security,Malware,Maria Garcia,Security Team,Chat,VPN Service,Security Malware not functioning as expected,Restarted Security service to resolve Malware issue
INC000081,2024-12-31 01:50:54.772006,2025-01-01 05:16:22.996176,P1,Resolved,Security,Malware,David Miller,Security Team,Email,Active Directory,Security Malware not functioning as expected,Applied patch to fix Malware vulnerability
INC000082,2025-01-01 04:43:54.772006,2025-01-01 11:14:23.104652,P3,Closed,Security,Malware,John Smith,Security Team,Email,Active Directory,Security issue: Malware problem reported by user,User error resolved with additional training
INC000083,2025-01-01 21:55:54.772006,2025-01-02 10:12:02.208436,P1,Closed,User Access,Permission,David Miller,Help Desk,Phone,Active Directory,User Access Permission not functioning as expected,Known issue with workaround applied
INC000084,2025-01-02 16:39:54.772006,,P1,Open,Database,Performance,John Smith,Database Team,Chat,Database Server,User experiencing Performance issues with Database,
INC000085,2025-01-04 20:45:54.772006,2025-01-05 12:21:15.170925,P2,Closed,Hardware,Desktop,Robert Johnson,Help Desk,Chat,Database Server,Desktop failure in Hardware system,Fixed Desktop configuration in Hardware
INC000086,2025-01-06 02:12:54.772006,2025-01-06 04:17:30.903413,P4,Closed,Security,Policy,Lisa Wong,Security Team,Web Portal,Active Directory,Security Policy not functioning as expected,Applied patch to fix Policy vulnerability
INC000087,2025-01-10 17:56:54.772006,,P3,In Progress,Database,Query,David Miller,Database Team,Phone,Database Server,Query failure in Database system,
INC000088,2025-01-11 02:23:54.772006,2025-01-11 20:26:09.621350,P4,Resolved,Application,Performance,Unassigned,Application Support,Chat,ERP System,Application issue: Performance problem reported by user,Restarted Application service to resolve Performance issue
INC000089,2025-01-11 12:15:54.772006,2025-01-12 02:01:27.602648,P2,Closed,Security,Malware,John Smith,Security Team,Web Portal,VPN Service,Malware failure in Security system,Fixed Malware configuration in Security
INC000090,2025-01-12 01:14:54.772006,2025-01-13 16:07:46.242117,P2,Closed,Server,VMware,Robert Johnson,Server Team,Chat,File Server,User experiencing VMware issues with Server,Restarted Server service to resolve VMware issue
INC000091,2025-01-13 21:19:54.772006,2025-01-17 16:49:29.537270,P3,Closed,Security,Policy,Unassigned,Security Team,Email,VPN Service,Security issue: Policy problem reported by user,Fixed Policy configuration in Security
INC000092,2025-01-14 01:21:54.772006,2025-01-14 20:51:06.566414,P4,Closed,Application,Configuration,Lisa Wong,Application Support,Email,ERP System,Application Configuration not functioning as expected,Known issue with workaround applied
INC000093,2025-01-15 23:49:54.772006,2025-01-16 09:10:58.015686,P2,Closed,User Access,Termination,Lisa Wong,Help Desk,Web Portal,Network Infrastructure,User Access issue: Termination problem reported by user,Known issue with workaround applied
INC000094,2025-01-17 11:05:54.772006,2025-01-17 12:09:48.406238,P1,Resolved,Security,Audit,David Miller,Security Team,Chat,Active Directory,User experiencing Audit issues with Security,Restarted Security service to resolve Audit issue
INC000095,2025-01-18 18:06:54.772006,2025-01-21 08:10:03.945430,P2,Closed,Security,Access,Jane Doe,Security Team,Phone,VPN Service,User experiencing Access issues with Security,Known issue with workaround applied
INC000096,2025-01-19 02:48:54.772006,2025-01-21 15:10:07.939026,P4,Closed,Application,Error,Lisa Wong,Application Support,Web Portal,CRM System,Application issue: Error problem reported by user,Fixed Error configuration in Application
INC000097,2025-01-19 17:50:54.772006,,P4,Open,Application,Integration,John Smith,Application Support,Phone,CRM System,Application issue: Integration problem reported by user,
INC000098,2025-01-19 20:21:54.772006,2025-01-20 03:21:55.658926,P4,Resolved,Database,Backup,Unassigned,Database Team,Phone,Database Server,Backup failure in Database system,User error resolved with additional training
INC000099,2025-01-21 11:23:54.772006,,P1,Pending,Network,VPN,Unassigned,Network Team,Web Portal,VPN Service,VPN failure in Network system,
INC000100,2025-01-21 16:54:54.772006,,P1,Pending,Security,Malware,Jane Doe,Security Team,Chat,Active Directory,Malware failure in Security system,
INC000101,2025-01-23 04:07:54.772006,2025-01-24 08:39:46.431589,P3,Resolved,Security,Audit,John Smith,Security Team,Email,VPN Service,Audit failure in Security system,Restarted Security service to resolve Audit issue
INC000102,2025-01-24 00:13:54.772006,2025-01-24 02:06:51.247773,P2,Closed,User Access,Password Reset,Maria Garcia,Help Desk,Phone,VPN Service,User Access Password Reset not functioning as expected,Known issue with workaround applied
INC000103,2025-01-25 11:17:54.772006,2025-01-25 15:39:40.583155,P4,Closed,Network,Firewall,David Miller,Network Team,Monitoring System,VPN Service,Firewall failure in Network system,User error resolved with additional training
INC000104,2025-01-26 09:44:54.772006,2025-01-26 15:36:49.101643,P2,Closed,Database,Corruption,Lisa Wong,Database Team,Email,Database Server,Database Corruption not functioning as expected,Restarted Database service to resolve Corruption issue
INC000105,2025-01-26 19:21:54.772006,2025-01-27 03:44:14.541765,P4,Resolved,Server,Windows,Maria Garcia,Server Team,Chat,File Server,User experiencing Windows issues with Server,Restarted Server service to resolve Windows issue
INC000106,2025-01-27 15:43:54.772006,2025-02-02 03:15:21.377131,P3,Closed,Database,Corruption,David Miller,Database Team,Web Portal,Database Server,Corruption failure in Database system,Applied patch to fix Corruption vulnerability
INC000107,2025-01-28 11:13:54.772006,2025-01-29 15:52:56.946147,P2,Resolved,Network,VPN,Jane Doe,Network Team,Monitoring System,Network Infrastructure,VPN failure in Network system,Restarted Network service to resolve VPN issue
INC000108,2025-01-28 22:01:54.772006,2025-01-29 09:40:04.603916,P4,Resolved,Network,VPN,David Miller,Network Team,Monitoring System,Network Infrastructure,Network issue: VPN problem reported by user,Fixed VPN configuration in Network
INC000109,2025-01-29 03:46:54.772006,2025-01-30 11:50:43.809658,P4,Resolved,Server,Hardware,Lisa Wong,Server Team,Monitoring System,File Server,User experiencing Hardware issues with Server,Applied patch to fix Hardware vulnerability
INC000110,2025-01-29 05:09:54.772006,,P3,Open,Security,Access,Maria Garcia,Security Team,Email,VPN Service,Access failure in Security system,
INC000111,2025-01-29 12:13:54.772006,,P2,Open,Security,Policy,Maria Garcia,Security Team,Phone,VPN Service,Policy failure in Security system,
INC000112,2025-01-30 10:29:54.772006,2025-02-01 21:43:58.677944,P2,Closed,Security,Policy,Lisa Wong,Security Team,Web Portal,Active Directory,Security Policy not functioning as expected,Fixed Policy configuration in Security
INC000113,2025-01-30 18:45:54.772006,2025-02-02 23:15:07.344580,P2,Resolved,Database,Performance,Robert Johnson,Database Team,Phone,Database Server,Database issue: Performance problem reported by user,Fixed Performance configuration in Database
INC000114,2025-01-31 00:35:54.772006,2025-01-31 02:01:44.690025,P1,Resolved,Database,Backup,Lisa Wong,Database Team,Phone,Database Server,Backup failure in Database system,Known issue with workaround applied
INC000115,2025-01-31 03:17:54.772006,,P3,Pending,Application,Integration,Maria Garcia,Application Support,Email,Web Application,User experiencing Integration issues with Application,
INC000116,2025-01-31 09:19:54.772006,,P2,Open,Hardware,Mobile,John Smith,Help Desk,Chat,Network Infrastructure,Hardware Mobile not functioning as expected,
INC000117,2025-02-02 05:50:54.772006,2025-02-02 17:53:24.824410,P1,Closed,Security,Malware,David Miller,Security Team,Phone,Active Directory,Security Malware not functioning as expected,Applied patch to fix Malware vulnerability
INC000118,2025-02-02 10:32:54.772006,2025-02-02 13:15:28.949510,P4,Closed,Hardware,Printer,Robert Johnson,Help Desk,Web Portal,Network Infrastructure,Hardware issue: Printer problem reported by user,Fixed Printer configuration in Hardware
INC000119,2025-02-07 09:13:54.772006,2025-02-07 19:02:49.029181,P1,Closed,Network,Connectivity,Maria Garcia,Network Team,Monitoring System,VPN Service,Network Connectivity not functioning as expected,Fixed Connectivity configuration in Network
INC000120,2025-02-09 10:26:54.772006,2025-02-09 14:54:40.333138,P3,Closed,Database,Query,John Smith,Database Team,Email,Database Server,User experiencing Query issues with Database,Restarted Database service to resolve Query issue
INC000121,2025-02-10 12:46:54.772006,2025-02-11 13:45:44.881083,P2,Resolved,Security,Malware,Jane Doe,Security Team,Phone,Active Directory,Security issue: Malware problem reported by user,Known issue with workaround applied
INC000122,2025-02-11 17:57:54.772006,2025-02-12 05:45:37.056716,P3,Resolved,Hardware,Laptop,Robert Johnson,Help Desk,Web Portal,Email Server,User experiencing Laptop issues with Hardware,Restarted Hardware service to resolve Laptop issue
INC000123,2025-02-12 22:32:54.772006,2025-02-13 04:48:08.800057,P3,Resolved,Hardware,Desktop,Jane Doe,Help Desk,Phone,Active Directory,User experiencing Desktop issues with Hardware,Fixed Desktop configuration in Hardware
INC000124,2025-02-14 08:16:54.772006,2025-02-14 15:42:06.341422,P3,Closed,Database,Performance,Lisa Wong,Database Team,Phone,Database Server,Database Performance not functioning as expected,Applied patch to fix Performance vulnerability
INC000125,2025-02-14 08:36:54.772006,2025-02-14 19:20:20.578091,P2,Resolved,Hardware,Laptop,Unassigned,Help Desk,Monitoring System,ERP System,Laptop failure in Hardware system,Applied patch to fix Laptop vulnerability
INC000126,2025-02-15 00:56:54.772006,2025-02-15 08:10:24.398370,P2,Closed,User Access,Termination,Maria Garcia,Help Desk,Chat,Web Application,User Access issue: Termination problem reported by user,Fixed Termination configuration in User Access
INC000127,2025-02-15 10:37:54.772006,2025-02-16 01:07:18.502309,P1,Resolved,Security,Policy,Robert Johnson,Security Team,Chat,Active Directory,Security issue: Policy problem reported by user,Applied patch to fix Policy vulnerability
INC000128,2025-02-15 14:01:54.772006,,P3,In Progress,Network,VPN,David Miller,Network Team,Email,Network Infrastructure,VPN failure in Network system,
INC000129,2025-02-16 08:30:54.772006,,P4,In Progress,User Access,Termination,Jane Doe,Help Desk,Monitoring System,Active Directory,User Access issue: Termination problem reported by user,
INC000130,2025-02-17 10:02:54.772006,,P4,In Progress,Security,Audit,Jane Doe,Security Team,Web Portal,VPN Service,Security Audit not functioning as expected,
INC000131,2025-02-22 02:59:54.772006,2025-02-22 03:47:12.980968,P3,Closed,Network,Router,Jane Doe,Network Team,Phone,VPN Service,User experiencing Router issues with Network,Known issue with workaround applied
INC000132,2025-02-22 10:54:54.772006,2025-02-22 18:47:29.148912,P3,Resolved,Application,Configuration,David Miller,Application Support,Email,Web Application,User experiencing Configuration issues with Application,Known issue with workaround applied
INC000133,2025-02-22 19:51:54.772006,,P2,In Progress,Application,Performance,Lisa Wong,Application Support,Phone,ERP System,Application Performance not functioning as expected,
INC000134,2025-02-26 11:09:54.772006,,P3,In Progress,User Access,New Account,Maria Garcia,Help Desk,Monitoring System,Network Infrastructure,User Access issue: New Account problem reported by user,
INC000135,2025-02-27 05:45:54.772006,2025-02-27 18:28:39.134906,P1,Closed,Security,Policy,John Smith,Security Team,Email,VPN Service,User experiencing Policy issues with Security,Fixed Policy configuration in Security
INC000136,2025-02-28 01:33:54.772006,2025-02-28 23:43:25.276990,P3,Closed,Network,Router,Lisa Wong,Network Team,Monitoring System,VPN Service,User experiencing Router issues with Network,Applied patch to fix Router vulnerability
INC000137,2025-02-28 04:23:54.772006,2025-02-28 11:58:59.197664,P2,Closed,Security,Policy,Jane Doe,Security Team,Phone,VPN Service,Policy failure in Security system,Applied patch to fix Policy vulnerability
INC000138,2025-02-28 05:34:54.772006,2025-02-28 09:00:43.910951,P3,Closed,Database,Performance,Lisa Wong,Database Team,Email,Database Server,Database issue: Performance problem reported by user,Fixed Performance configuration in Database
INC000139,2025-02-28 13:10:54.772006,2025-02-28 15:05:02.843946,P3,Closed,Network,Router,Lisa Wong,Network Team,Email,Network Infrastructure,Network Router not functioning as expected,Fixed Router configuration in Network
INC000140,2025-03-01 03:01:54.772006,2025-03-03 22:46:02.703281,P3,Closed,Network,Router,Robert Johnson,Network Team,Monitoring System,Network Infrastructure,Network Router not functioning as expected,User error resolved with additional training
INC000141,2025-03-01 07:44:54.772006,2025-03-01 20:40:59.980489,P1,Closed,Server,Linux,Robert Johnson,Server Team,Chat,File Server,Server issue: Linux problem reported by user,Known issue with workaround applied
INC000142,2025-03-01 10:26:54.772006,2025-03-02 07:20:06.320479,P1,Closed,Security,Policy,Jane Doe,Security Team,Chat,Active Directory,Security issue: Policy problem reported by user,Fixed Policy configuration in Security
INC000143,2025-03-02 05:45:54.772006,2025-03-04 18:08:12.948641,P4,Closed,Server,VMware,Unassigned,Server Team,Web Portal,Email Server,VMware failure in Server system,Restarted Server service to resolve VMware issue
INC000144,2025-03-02 11:27:54.772006,,P1,Pending,Server,Hardware,David Miller,Server Team,Phone,File Server,User experiencing Hardware issues with Server,
INC000145,2025-03-03 00:11:54.772006,2025-03-03 02:16:17.441822,P4,Resolved,Server,Hardware,David Miller,Server Team,Chat,File Server,Hardware failure in Server system,Restarted Server service to resolve Hardware issue
INC000146,2025-03-05 12:38:54.772006,2025-03-07 14:52:34.640921,P4,Closed,User Access,Password Reset,Robert Johnson,Help Desk,Phone,ERP System,Password Reset failure in User Access system,Restarted User Access service to resolve Password Reset issue
INC000147,2025-03-05 14:06:54.772006,2025-03-06 09:21:51.247642,P4,Resolved,Network,Firewall,Maria Garcia,Network Team,Email,VPN Service,Network Firewall not functioning as expected,Fixed Firewall configuration in Network
INC000148,2025-03-05 14:19:54.772006,2025-03-05 18:39:17.579278,P3,Closed,Network,VPN,Maria Garcia,Network Team,Phone,VPN Service,VPN failure in Network system,Known issue with workaround applied
INC000149,2025-03-07 09:32:54.772006,2025-03-07 22:15:46.236824,P4,Closed,Server,Windows,David Miller,Server Team,Email,Email Server,Server issue: Windows problem reported by user,Fixed Windows configuration in Server
INC000150,2025-03-08 00:36:54.772006,2025-03-09 12:41:38.853932,P4,Closed,Application,Integration,Robert Johnson,Application Support,Phone,ERP System,User experiencing Integration issues with Application,Known issue with workaround applied
INC000151,2025-03-09 05:19:54.772006,,P3,Pending,Server,Performance,Robert Johnson,Server Team,Email,Email Server,Server issue: Performance problem reported by user,
INC000152,2025-03-10 01:37:54.772006,2025-03-10 17:20:35.531207,P2,Closed,Security,Policy,Robert Johnson,Security Team,Chat,Active Directory,Security issue: Policy problem reported by user,User error resolved with additional training
INC000153,2025-03-11 03:56:54.772006,2025-03-15 09:12:12.855598,P1,Closed,Network,Connectivity,Robert Johnson,Network Team,Phone,Network Infrastructure,Network issue: Connectivity problem reported by user,Fixed Connectivity configuration in Network
INC000154,2025-03-11 06:22:54.772006,2025-03-11 17:43:43.815831,P3,Closed,Server,Windows,Maria Garcia,Server Team,Chat,File Server,Windows failure in Server system,Known issue with workaround applied
INC000155,2025-03-11 21:52:54.772006,2025-03-13 07:06:44.988057,P2,Resolved,Security,Malware,Lisa Wong,Security Team,Web Portal,Active Directory,Security issue: Malware problem reported by user,User error resolved with additional training
INC000156,2025-03-12 16:48:54.772006,2025-03-13 04:47:46.438750,P3,Closed,User Access,Password Reset,David Miller,Help Desk,Web Portal,VPN Service,User experiencing Password Reset issues with User Access,Restarted User Access service to resolve Password Reset issue
INC000157,2025-03-13 07:09:54.772006,2025-03-15 01:34:28.111369,P2,Closed,User Access,Termination,Robert Johnson,Help Desk,Monitoring System,Email Server,Termination failure in User Access system,Known issue with workaround applied
INC000158,2025-03-13 20:50:54.772006,2025-03-14 17:03:09.422307,P2,Resolved,Security,Access,David Miller,Security Team,Web Portal,Active Directory,User experiencing Access issues with Security,Applied patch to fix Access vulnerability
INC000159,2025-03-14 23:11:54.772006,2025-03-15 00:46:24.200805,P1,Closed,Security,Policy,Maria Garcia,Security Team,Phone,Active Directory,Security Policy not functioning as expected,Applied patch to fix Policy vulnerability
INC000160,2025-03-14 23:33:54.772006,2025-03-15 00:27:56.232840,P2,Resolved,Network,Switch,Lisa Wong,Network Team,Chat,VPN Service,Network Switch not functioning as expected,Restarted Network service to resolve Switch issue
INC000161,2025-03-15 01:42:54.772006,2025-03-15 05:09:50.419303,P2,Closed,User Access,Permission,Lisa Wong,Help Desk,Monitoring System,Web Application,Permission failure in User Access system,Fixed Permission configuration in User Access
INC000162,2025-03-15 02:18:54.772006,2025-03-15 02:38:44.179189,P4,Closed,Hardware,Desktop,Maria Garcia,Help Desk,Chat,Network Infrastructure,Hardware Desktop not functioning as expected,Known issue with workaround applied
INC000163,2025-03-18 03:17:54.772006,2025-03-18 05:10:44.193878,P3,Resolved,Hardware,Mobile,Jane Doe,Help Desk,Chat,File Server,Hardware issue: Mobile problem reported by user,Restarted Hardware service to resolve Mobile issue
INC000164,2025-03-18 05:53:54.772006,,P4,Pending,Server,Windows,Jane Doe,Server Team,Web Portal,File Server,User experiencing Windows issues with Server,
INC000165,2025-03-19 09:29:54.772006,,P4,In Progress,Database,Corruption,Robert Johnson,Database Team,Monitoring System,Database Server,Corruption failure in Database system,
INC000166,2025-03-21 11:48:54.772006,2025-03-22 16:03:24.126826,P2,Resolved,Server,Windows,Lisa Wong,Server Team,Email,File Server,Windows failure in Server system,Restarted Server service to resolve Windows issue
INC000167,2025-03-21 17:06:54.772006,2025-03-22 11:27:31.415253,P3,Closed,User Access,New Account,Robert Johnson,Help Desk,Chat,File Server,User Access issue: New Account problem reported by user,Known issue with workaround applied
INC000168,2025-03-22 09:58:54.772006,2025-03-23 19:14:39.765328,P1,Closed,Security,Access,David Miller,Security Team,Web Portal,Active Directory,User experiencing Access issues with Security,Fixed Access configuration in Security
INC000169,2025-03-22 12:43:54.772006,2025-03-24 23:22:55.132803,P4,Closed,Server,Performance,Unassigned,Server Team,Web Portal,File Server,Performance failure in Server system,Fixed Performance configuration in Server
INC000170,2025-03-22 23:21:54.772006,2025-03-23 20:28:52.701121,P4,Closed,Database,Performance,Lisa Wong,Database Team,Chat,Database Server,User experiencing Performance issues with Database,Restarted Database service to resolve Performance issue
INC000171,2025-03-23 01:20:54.772006,,P3,Open,Network,Router,Robert Johnson,Network Team,Email,VPN Service,Router failure in Network system,
INC000172,2025-03-23 05:32:54.772006,2025-03-24 12:37:48.673700,P3,Closed,User Access,Termination,Lisa Wong,Help Desk,Phone,Database Server,User Access issue: Termination problem reported by user,Fixed Termination configuration in User Access
INC000173,2025-03-24 19:47:54.772006,2025-03-26 05:45:33.196068,P2,Closed,Application,Performance,Jane Doe,Application Support,Monitoring System,Web Application,Application Performance not functioning as expected,Known issue with workaround applied
INC000174,2025-03-25 18:58:54.772006,2025-03-26 06:22:18.046876,P3,Closed,Server,Windows,Maria Garcia,Server Team,Phone,File Server,Windows failure in Server system,Restarted Server service to resolve Windows issue
INC000175,2025-03-28 01:06:54.772006,,P3,Open,Database,Query,John Smith,Database Team,Phone,Database Server,Database issue: Query problem reported by user,
INC000176,2025-03-28 09:57:54.772006,2025-03-28 16:35:09.531886,P3,Closed,Hardware,Desktop,Unassigned,Help Desk,Web Portal,Web Application,Desktop failure in Hardware system,User error resolved with additional training
INC000177,2025-03-28 15:23:54.772006,2025-03-28 20:54:20.995812,P1,Closed,Hardware,Peripheral,Lisa Wong,Help Desk,Monitoring System,Active Directory,Peripheral failure in Hardware system,User error resolved with additional training
INC000178,2025-03-29 00:14:54.772006,2025-03-29 07:11:56.832095,P2,Resolved,Network,Connectivity,John Smith,Network Team,Monitoring System,Network Infrastructure,User experiencing Connectivity issues with Network,Known issue with workaround applied
INC000179,2025-03-30 15:53:54.772006,2025-03-30 23:36:27.640645,P3,Resolved,Hardware,Mobile,Jane Doe,Help Desk,Email,ERP System,User experiencing Mobile issues with Hardware,Known issue with workaround applied
INC000180,2025-03-31 08:54:54.772006,2025-03-31 14:29:18.508442,P2,Closed,Security,Malware,Lisa Wong,Security Team,Phone,Active Directory,Malware failure in Security system,Fixed Malware configuration in Security
INC000181,2025-03-31 13:54:54.772006,2025-04-02 16:26:53.827333,P3,Closed,Database,Performance,Lisa Wong,Database Team,Chat,Database Server,Performance failure in Database system,Applied patch to fix Performance vulnerability
INC000182,2025-03-31 17:31:54.772006,2025-04-02 03:29:04.010845,P4,Resolved,Database,Performance,Robert Johnson,Database Team,Phone,Database Server,Database Performance not functioning as expected,Fixed Performance configuration in Database
INC000183,2025-03-31 19:04:54.772006,,P3,Pending,Hardware,Printer,John Smith,Help Desk,Web Portal,Database Server,Hardware Printer not functioning as expected,
INC000184,2025-04-02 05:02:54.772006,2025-04-02 06:12:04.714603,P4,Closed,Server,VMware,Jane Doe,Server Team,Phone,Email Server,User experiencing VMware issues with Server,Applied patch to fix VMware vulnerability
INC000185,2025-04-02 11:20:54.772006,2025-04-02 18:51:28.803114,P3,Closed,Network,Switch,Maria Garcia,Network Team,Chat,VPN Service,User experiencing Switch issues with Network,Fixed Switch configuration in Network
INC000186,2025-04-03 02:02:54.772006,2025-04-03 02:35:13.114929,P3,Closed,Database,Backup,Jane Doe,Database Team,Chat,Database Server,Backup failure in Database system,Fixed Backup configuration in Database
INC000187,2025-04-04 04:01:54.772006,,P4,Pending,Server,Hardware,Lisa Wong,Server Team,Monitoring System,File Server,Server issue: Hardware problem reported by user,
INC000188,2025-04-04 04:47:54.772006,2025-04-04 21:20:46.212978,P1,Closed,Security,Policy,Maria Garcia,Security Team,Chat,Active Directory,User experiencing Policy issues with Security,User error resolved with additional training
INC000189,2025-04-05 17:41:54.772006,2025-04-06 09:13:06.694416,P3,Closed,Application,Performance,David Miller,Application Support,Phone,Web Application,User experiencing Performance issues with Application,User error resolved with additional training
INC000190,2025-04-07 16:39:54.772006,2025-04-09 11:23:11.709733,P3,Closed,Server,Windows,John Smith,Server Team,Web Portal,Email Server,User experiencing Windows issues with Server,Applied patch to fix Windows vulnerability
INC000191,2025-04-10 08:47:54.772006,2025-04-10 17:37:36.793182,P2,Closed,Network,VPN,Lisa Wong,Network Team,Monitoring System,Network Infrastructure,Network issue: VPN problem reported by user,Fixed VPN configuration in Network
INC000192,2025-04-11 18:08:54.772006,2025-04-13 10:49:35.696615,P2,Resolved,Database,Backup,David Miller,Database Team,Monitoring System,Database Server,Database Backup not functioning as expected,Fixed Backup configuration in Database
INC000193,2025-04-14 10:11:54.772006,2025-04-17 20:47:14.441815,P4,Resolved,Database,Corruption,Maria Garcia,Database Team,Chat,Database Server,User experiencing Corruption issues with Database,Restarted Database service to resolve Corruption issue
INC000194,2025-04-15 16:50:54.772006,,P4,In Progress,Application,Configuration,David Miller,Application Support,Chat,CRM System,Configuration failure in Application system,
INC000195,2025-04-16 13:09:54.772006,2025-04-16 15:23:12.215418,P4,Closed,Hardware,Laptop,Unassigned,Help Desk,Phone,Database Server,User experiencing Laptop issues with Hardware,Applied patch to fix Laptop vulnerability
INC000196,2025-04-18 08:52:54.772006,,P3,Pending,User Access,Password Reset,David Miller,Help Desk,Phone,Database Server,User Access Password Reset not functioning as expected,
INC000197,2025-04-18 17:10:54.772006,2025-04-20 06:50:45.904456,P4,Closed,Server,Performance,Lisa Wong,Server Team,Web Portal,Email Server,Server issue: Performance problem reported by user,Known issue with workaround applied
INC000198,2025-04-18 20:58:54.772006,2025-04-19 18:22:39.556140,P1,Closed,Network,Router,Jane Doe,Network Team,Monitoring System,VPN Service,Router failure in Network system,Known issue with workaround applied
INC000199,2025-04-19 19:27:54.772006,,P3,In Progress,Server,Hardware,John Smith,Server Team,Monitoring System,Email Server,Server Hardware not functioning as expected,
INC000200,2025-04-20 03:10:54.772006,,P4,Open,Security,Malware,John Smith,Security Team,Email,VPN Service,User experiencing Malware issues with Security,
